--
-- PostgreSQL database dump
--

-- Dumped from database version 14.1
-- Dumped by pg_dump version 14.1

SET statement_timeout = 0;
SET lock_timeout = 0;
SET idle_in_transaction_session_timeout = 0;
SET client_encoding = 'UTF8';
SET standard_conforming_strings = on;
SELECT pg_catalog.set_config('search_path', '', false);
SET check_function_bodies = false;
SET xmloption = content;
SET client_min_messages = warning;
SET row_security = off;

ALTER TABLE ONLY public.reservations DROP CONSTRAINT reservations_user_id_fkey;
ALTER TABLE ONLY public.reservations DROP CONSTRAINT reservations_appointment_id_fkey;
ALTER TABLE ONLY public.users DROP CONSTRAINT users_pkey;
ALTER TABLE ONLY public.users DROP CONSTRAINT users_login_name_key;
ALTER TABLE ONLY public.reservations DROP CONSTRAINT reservations_pkey;
ALTER TABLE ONLY public.appointments DROP CONSTRAINT appointments_pkey;
ALTER TABLE public.users ALTER COLUMN user_id DROP DEFAULT;
ALTER TABLE public.reservations ALTER COLUMN reservation_id DROP DEFAULT;
ALTER TABLE public.appointments ALTER COLUMN appointment_id DROP DEFAULT;
DROP SEQUENCE public.users_user_id_seq;
DROP TABLE public.users;
DROP SEQUENCE public.reservations_reservation_id_seq;
DROP TABLE public.reservations;
DROP SEQUENCE public.appointments_appointment_id_seq;
DROP TABLE public.appointments;
SET default_tablespace = '';

SET default_table_access_method = heap;

--
-- Name: appointments; Type: TABLE; Schema: public; Owner: -
--

CREATE TABLE public.appointments (
    appointment_id integer NOT NULL,
    appointment_date_time timestamp without time zone NOT NULL
);


--
-- Name: appointments_appointment_id_seq; Type: SEQUENCE; Schema: public; Owner: -
--

CREATE SEQUENCE public.appointments_appointment_id_seq
    AS integer
    START WITH 1
    INCREMENT BY 1
    NO MINVALUE
    NO MAXVALUE
    CACHE 1;


--
-- Name: appointments_appointment_id_seq; Type: SEQUENCE OWNED BY; Schema: public; Owner: -
--

ALTER SEQUENCE public.appointments_appointment_id_seq OWNED BY public.appointments.appointment_id;


--
-- Name: reservations; Type: TABLE; Schema: public; Owner: -
--

CREATE TABLE public.reservations (
    reservation_id integer NOT NULL,
    user_id integer,
    appointment_id integer
);


--
-- Name: reservations_reservation_id_seq; Type: SEQUENCE; Schema: public; Owner: -
--

CREATE SEQUENCE public.reservations_reservation_id_seq
    AS integer
    START WITH 1
    INCREMENT BY 1
    NO MINVALUE
    NO MAXVALUE
    CACHE 1;


--
-- Name: reservations_reservation_id_seq; Type: SEQUENCE OWNED BY; Schema: public; Owner: -
--

ALTER SEQUENCE public.reservations_reservation_id_seq OWNED BY public.reservations.reservation_id;


--
-- Name: users; Type: TABLE; Schema: public; Owner: -
--

CREATE TABLE public.users (
    user_id integer NOT NULL,
    login_name character varying(256) NOT NULL,
    hashed_password character varying NOT NULL
);


--
-- Name: users_user_id_seq; Type: SEQUENCE; Schema: public; Owner: -
--

CREATE SEQUENCE public.users_user_id_seq
    AS integer
    START WITH 1
    INCREMENT BY 1
    NO MINVALUE
    NO MAXVALUE
    CACHE 1;


--
-- Name: users_user_id_seq; Type: SEQUENCE OWNED BY; Schema: public; Owner: -
--

ALTER SEQUENCE public.users_user_id_seq OWNED BY public.users.user_id;


--
-- Name: appointments appointment_id; Type: DEFAULT; Schema: public; Owner: -
--

ALTER TABLE ONLY public.appointments ALTER COLUMN appointment_id SET DEFAULT nextval('public.appointments_appointment_id_seq'::regclass);


--
-- Name: reservations reservation_id; Type: DEFAULT; Schema: public; Owner: -
--

ALTER TABLE ONLY public.reservations ALTER COLUMN reservation_id SET DEFAULT nextval('public.reservations_reservation_id_seq'::regclass);


--
-- Name: users user_id; Type: DEFAULT; Schema: public; Owner: -
--

ALTER TABLE ONLY public.users ALTER COLUMN user_id SET DEFAULT nextval('public.users_user_id_seq'::regclass);


--
-- Data for Name: appointments; Type: TABLE DATA; Schema: public; Owner: -
--

COPY public.appointments (appointment_id, appointment_date_time) FROM stdin;
1	2022-04-04 00:00:00
2	2022-04-04 00:30:00
3	2022-04-04 01:00:00
4	2022-04-04 01:30:00
5	2022-04-04 02:00:00
6	2022-04-04 02:30:00
7	2022-04-04 03:00:00
8	2022-04-04 03:30:00
9	2022-04-04 04:00:00
10	2022-04-04 04:30:00
11	2022-04-04 05:00:00
12	2022-04-04 05:30:00
13	2022-04-04 06:00:00
14	2022-04-04 06:30:00
15	2022-04-04 07:00:00
16	2022-04-04 07:30:00
17	2022-04-04 08:00:00
18	2022-04-04 08:30:00
19	2022-04-04 09:00:00
20	2022-04-04 09:30:00
21	2022-04-04 10:00:00
22	2022-04-04 10:30:00
23	2022-04-04 11:00:00
24	2022-04-04 11:30:00
25	2022-04-04 12:00:00
26	2022-04-04 12:30:00
27	2022-04-04 13:00:00
28	2022-04-04 13:30:00
29	2022-04-04 14:00:00
30	2022-04-04 14:30:00
31	2022-04-04 15:00:00
32	2022-04-04 15:30:00
33	2022-04-04 16:00:00
34	2022-04-04 16:30:00
35	2022-04-04 17:00:00
36	2022-04-04 17:30:00
37	2022-04-04 18:00:00
38	2022-04-04 18:30:00
39	2022-04-04 19:00:00
40	2022-04-04 19:30:00
41	2022-04-04 20:00:00
42	2022-04-04 20:30:00
43	2022-04-04 21:00:00
44	2022-04-04 21:30:00
45	2022-04-04 22:00:00
46	2022-04-04 22:30:00
47	2022-04-04 23:00:00
48	2022-04-04 23:30:00
49	2022-04-05 00:00:00
50	2022-04-05 00:30:00
51	2022-04-05 01:00:00
52	2022-04-05 01:30:00
53	2022-04-05 02:00:00
54	2022-04-05 02:30:00
55	2022-04-05 03:00:00
56	2022-04-05 03:30:00
57	2022-04-05 04:00:00
58	2022-04-05 04:30:00
59	2022-04-05 05:00:00
60	2022-04-05 05:30:00
61	2022-04-05 06:00:00
62	2022-04-05 06:30:00
63	2022-04-05 07:00:00
64	2022-04-05 07:30:00
65	2022-04-05 08:00:00
66	2022-04-05 08:30:00
67	2022-04-05 09:00:00
68	2022-04-05 09:30:00
69	2022-04-05 10:00:00
70	2022-04-05 10:30:00
71	2022-04-05 11:00:00
72	2022-04-05 11:30:00
73	2022-04-05 12:00:00
74	2022-04-05 12:30:00
75	2022-04-05 13:00:00
76	2022-04-05 13:30:00
77	2022-04-05 14:00:00
78	2022-04-05 14:30:00
79	2022-04-05 15:00:00
80	2022-04-05 15:30:00
81	2022-04-05 16:00:00
82	2022-04-05 16:30:00
83	2022-04-05 17:00:00
84	2022-04-05 17:30:00
85	2022-04-05 18:00:00
86	2022-04-05 18:30:00
87	2022-04-05 19:00:00
88	2022-04-05 19:30:00
89	2022-04-05 20:00:00
90	2022-04-05 20:30:00
91	2022-04-05 21:00:00
92	2022-04-05 21:30:00
93	2022-04-05 22:00:00
94	2022-04-05 22:30:00
95	2022-04-05 23:00:00
96	2022-04-05 23:30:00
97	2022-04-06 00:00:00
98	2022-04-06 00:30:00
99	2022-04-06 01:00:00
100	2022-04-06 01:30:00
101	2022-04-06 02:00:00
102	2022-04-06 02:30:00
103	2022-04-06 03:00:00
104	2022-04-06 03:30:00
105	2022-04-06 04:00:00
106	2022-04-06 04:30:00
107	2022-04-06 05:00:00
108	2022-04-06 05:30:00
109	2022-04-06 06:00:00
110	2022-04-06 06:30:00
111	2022-04-06 07:00:00
112	2022-04-06 07:30:00
113	2022-04-06 08:00:00
114	2022-04-06 08:30:00
115	2022-04-06 09:00:00
116	2022-04-06 09:30:00
117	2022-04-06 10:00:00
118	2022-04-06 10:30:00
119	2022-04-06 11:00:00
120	2022-04-06 11:30:00
121	2022-04-06 12:00:00
122	2022-04-06 12:30:00
123	2022-04-06 13:00:00
124	2022-04-06 13:30:00
125	2022-04-06 14:00:00
126	2022-04-06 14:30:00
127	2022-04-06 15:00:00
128	2022-04-06 15:30:00
129	2022-04-06 16:00:00
130	2022-04-06 16:30:00
131	2022-04-06 17:00:00
132	2022-04-06 17:30:00
133	2022-04-06 18:00:00
134	2022-04-06 18:30:00
135	2022-04-06 19:00:00
136	2022-04-06 19:30:00
137	2022-04-06 20:00:00
138	2022-04-06 20:30:00
139	2022-04-06 21:00:00
140	2022-04-06 21:30:00
141	2022-04-06 22:00:00
142	2022-04-06 22:30:00
143	2022-04-06 23:00:00
144	2022-04-06 23:30:00
145	2022-04-07 00:00:00
146	2022-04-07 00:30:00
147	2022-04-07 01:00:00
148	2022-04-07 01:30:00
149	2022-04-07 02:00:00
150	2022-04-07 02:30:00
151	2022-04-07 03:00:00
152	2022-04-07 03:30:00
153	2022-04-07 04:00:00
154	2022-04-07 04:30:00
155	2022-04-07 05:00:00
156	2022-04-07 05:30:00
157	2022-04-07 06:00:00
158	2022-04-07 06:30:00
159	2022-04-07 07:00:00
160	2022-04-07 07:30:00
161	2022-04-07 08:00:00
162	2022-04-07 08:30:00
163	2022-04-07 09:00:00
164	2022-04-07 09:30:00
165	2022-04-07 10:00:00
166	2022-04-07 10:30:00
167	2022-04-07 11:00:00
168	2022-04-07 11:30:00
169	2022-04-07 12:00:00
170	2022-04-07 12:30:00
171	2022-04-07 13:00:00
172	2022-04-07 13:30:00
173	2022-04-07 14:00:00
174	2022-04-07 14:30:00
175	2022-04-07 15:00:00
176	2022-04-07 15:30:00
177	2022-04-07 16:00:00
178	2022-04-07 16:30:00
179	2022-04-07 17:00:00
180	2022-04-07 17:30:00
181	2022-04-07 18:00:00
182	2022-04-07 18:30:00
183	2022-04-07 19:00:00
184	2022-04-07 19:30:00
185	2022-04-07 20:00:00
186	2022-04-07 20:30:00
187	2022-04-07 21:00:00
188	2022-04-07 21:30:00
189	2022-04-07 22:00:00
190	2022-04-07 22:30:00
191	2022-04-07 23:00:00
192	2022-04-07 23:30:00
193	2022-04-08 00:00:00
194	2022-04-08 00:30:00
195	2022-04-08 01:00:00
196	2022-04-08 01:30:00
197	2022-04-08 02:00:00
198	2022-04-08 02:30:00
199	2022-04-08 03:00:00
200	2022-04-08 03:30:00
201	2022-04-08 04:00:00
202	2022-04-08 04:30:00
203	2022-04-08 05:00:00
204	2022-04-08 05:30:00
205	2022-04-08 06:00:00
206	2022-04-08 06:30:00
207	2022-04-08 07:00:00
208	2022-04-08 07:30:00
209	2022-04-08 08:00:00
210	2022-04-08 08:30:00
211	2022-04-08 09:00:00
212	2022-04-08 09:30:00
213	2022-04-08 10:00:00
214	2022-04-08 10:30:00
215	2022-04-08 11:00:00
216	2022-04-08 11:30:00
217	2022-04-08 12:00:00
218	2022-04-08 12:30:00
219	2022-04-08 13:00:00
220	2022-04-08 13:30:00
221	2022-04-08 14:00:00
222	2022-04-08 14:30:00
223	2022-04-08 15:00:00
224	2022-04-08 15:30:00
225	2022-04-08 16:00:00
226	2022-04-08 16:30:00
227	2022-04-08 17:00:00
228	2022-04-08 17:30:00
229	2022-04-08 18:00:00
230	2022-04-08 18:30:00
231	2022-04-08 19:00:00
232	2022-04-08 19:30:00
233	2022-04-08 20:00:00
234	2022-04-08 20:30:00
235	2022-04-08 21:00:00
236	2022-04-08 21:30:00
237	2022-04-08 22:00:00
238	2022-04-08 22:30:00
239	2022-04-08 23:00:00
240	2022-04-08 23:30:00
241	2022-04-09 00:00:00
242	2022-04-09 00:30:00
243	2022-04-09 01:00:00
244	2022-04-09 01:30:00
245	2022-04-09 02:00:00
246	2022-04-09 02:30:00
247	2022-04-09 03:00:00
248	2022-04-09 03:30:00
249	2022-04-09 04:00:00
250	2022-04-09 04:30:00
251	2022-04-09 05:00:00
252	2022-04-09 05:30:00
253	2022-04-09 06:00:00
254	2022-04-09 06:30:00
255	2022-04-09 07:00:00
256	2022-04-09 07:30:00
257	2022-04-09 08:00:00
258	2022-04-09 08:30:00
259	2022-04-09 09:00:00
260	2022-04-09 09:30:00
261	2022-04-09 10:00:00
262	2022-04-09 10:30:00
263	2022-04-09 11:00:00
264	2022-04-09 11:30:00
265	2022-04-09 12:00:00
266	2022-04-09 12:30:00
267	2022-04-09 13:00:00
268	2022-04-09 13:30:00
269	2022-04-09 14:00:00
270	2022-04-09 14:30:00
271	2022-04-09 15:00:00
272	2022-04-09 15:30:00
273	2022-04-09 16:00:00
274	2022-04-09 16:30:00
275	2022-04-09 17:00:00
276	2022-04-09 17:30:00
277	2022-04-09 18:00:00
278	2022-04-09 18:30:00
279	2022-04-09 19:00:00
280	2022-04-09 19:30:00
281	2022-04-09 20:00:00
282	2022-04-09 20:30:00
283	2022-04-09 21:00:00
284	2022-04-09 21:30:00
285	2022-04-09 22:00:00
286	2022-04-09 22:30:00
287	2022-04-09 23:00:00
288	2022-04-09 23:30:00
289	2022-04-10 00:00:00
290	2022-04-10 00:30:00
291	2022-04-10 01:00:00
292	2022-04-10 01:30:00
293	2022-04-10 02:00:00
294	2022-04-10 02:30:00
295	2022-04-10 03:00:00
296	2022-04-10 03:30:00
297	2022-04-10 04:00:00
298	2022-04-10 04:30:00
299	2022-04-10 05:00:00
300	2022-04-10 05:30:00
301	2022-04-10 06:00:00
302	2022-04-10 06:30:00
303	2022-04-10 07:00:00
304	2022-04-10 07:30:00
305	2022-04-10 08:00:00
306	2022-04-10 08:30:00
307	2022-04-10 09:00:00
308	2022-04-10 09:30:00
309	2022-04-10 10:00:00
310	2022-04-10 10:30:00
311	2022-04-10 11:00:00
312	2022-04-10 11:30:00
313	2022-04-10 12:00:00
314	2022-04-10 12:30:00
315	2022-04-10 13:00:00
316	2022-04-10 13:30:00
317	2022-04-10 14:00:00
318	2022-04-10 14:30:00
319	2022-04-10 15:00:00
320	2022-04-10 15:30:00
321	2022-04-10 16:00:00
322	2022-04-10 16:30:00
323	2022-04-10 17:00:00
324	2022-04-10 17:30:00
325	2022-04-10 18:00:00
326	2022-04-10 18:30:00
327	2022-04-10 19:00:00
328	2022-04-10 19:30:00
329	2022-04-10 20:00:00
330	2022-04-10 20:30:00
331	2022-04-10 21:00:00
332	2022-04-10 21:30:00
333	2022-04-10 22:00:00
334	2022-04-10 22:30:00
335	2022-04-10 23:00:00
336	2022-04-10 23:30:00
337	2022-04-11 00:00:00
338	2022-04-11 00:30:00
339	2022-04-11 01:00:00
340	2022-04-11 01:30:00
341	2022-04-11 02:00:00
342	2022-04-11 02:30:00
343	2022-04-11 03:00:00
344	2022-04-11 03:30:00
345	2022-04-11 04:00:00
346	2022-04-11 04:30:00
347	2022-04-11 05:00:00
348	2022-04-11 05:30:00
349	2022-04-11 06:00:00
350	2022-04-11 06:30:00
351	2022-04-11 07:00:00
352	2022-04-11 07:30:00
353	2022-04-11 08:00:00
354	2022-04-11 08:30:00
355	2022-04-11 09:00:00
356	2022-04-11 09:30:00
357	2022-04-11 10:00:00
358	2022-04-11 10:30:00
359	2022-04-11 11:00:00
360	2022-04-11 11:30:00
361	2022-04-11 12:00:00
362	2022-04-11 12:30:00
363	2022-04-11 13:00:00
364	2022-04-11 13:30:00
365	2022-04-11 14:00:00
366	2022-04-11 14:30:00
367	2022-04-11 15:00:00
368	2022-04-11 15:30:00
369	2022-04-11 16:00:00
370	2022-04-11 16:30:00
371	2022-04-11 17:00:00
372	2022-04-11 17:30:00
373	2022-04-11 18:00:00
374	2022-04-11 18:30:00
375	2022-04-11 19:00:00
376	2022-04-11 19:30:00
377	2022-04-11 20:00:00
378	2022-04-11 20:30:00
379	2022-04-11 21:00:00
380	2022-04-11 21:30:00
381	2022-04-11 22:00:00
382	2022-04-11 22:30:00
383	2022-04-11 23:00:00
384	2022-04-11 23:30:00
385	2022-04-12 00:00:00
386	2022-04-12 00:30:00
387	2022-04-12 01:00:00
388	2022-04-12 01:30:00
389	2022-04-12 02:00:00
390	2022-04-12 02:30:00
391	2022-04-12 03:00:00
392	2022-04-12 03:30:00
393	2022-04-12 04:00:00
394	2022-04-12 04:30:00
395	2022-04-12 05:00:00
396	2022-04-12 05:30:00
397	2022-04-12 06:00:00
398	2022-04-12 06:30:00
399	2022-04-12 07:00:00
400	2022-04-12 07:30:00
401	2022-04-12 08:00:00
402	2022-04-12 08:30:00
403	2022-04-12 09:00:00
404	2022-04-12 09:30:00
405	2022-04-12 10:00:00
406	2022-04-12 10:30:00
407	2022-04-12 11:00:00
408	2022-04-12 11:30:00
409	2022-04-12 12:00:00
410	2022-04-12 12:30:00
411	2022-04-12 13:00:00
412	2022-04-12 13:30:00
413	2022-04-12 14:00:00
414	2022-04-12 14:30:00
415	2022-04-12 15:00:00
416	2022-04-12 15:30:00
417	2022-04-12 16:00:00
418	2022-04-12 16:30:00
419	2022-04-12 17:00:00
420	2022-04-12 17:30:00
421	2022-04-12 18:00:00
422	2022-04-12 18:30:00
423	2022-04-12 19:00:00
424	2022-04-12 19:30:00
425	2022-04-12 20:00:00
426	2022-04-12 20:30:00
427	2022-04-12 21:00:00
428	2022-04-12 21:30:00
429	2022-04-12 22:00:00
430	2022-04-12 22:30:00
431	2022-04-12 23:00:00
432	2022-04-12 23:30:00
433	2022-04-13 00:00:00
434	2022-04-13 00:30:00
435	2022-04-13 01:00:00
436	2022-04-13 01:30:00
437	2022-04-13 02:00:00
438	2022-04-13 02:30:00
439	2022-04-13 03:00:00
440	2022-04-13 03:30:00
441	2022-04-13 04:00:00
442	2022-04-13 04:30:00
443	2022-04-13 05:00:00
444	2022-04-13 05:30:00
445	2022-04-13 06:00:00
446	2022-04-13 06:30:00
447	2022-04-13 07:00:00
448	2022-04-13 07:30:00
449	2022-04-13 08:00:00
450	2022-04-13 08:30:00
451	2022-04-13 09:00:00
452	2022-04-13 09:30:00
453	2022-04-13 10:00:00
454	2022-04-13 10:30:00
455	2022-04-13 11:00:00
456	2022-04-13 11:30:00
457	2022-04-13 12:00:00
458	2022-04-13 12:30:00
459	2022-04-13 13:00:00
460	2022-04-13 13:30:00
461	2022-04-13 14:00:00
462	2022-04-13 14:30:00
463	2022-04-13 15:00:00
464	2022-04-13 15:30:00
465	2022-04-13 16:00:00
466	2022-04-13 16:30:00
467	2022-04-13 17:00:00
468	2022-04-13 17:30:00
469	2022-04-13 18:00:00
470	2022-04-13 18:30:00
471	2022-04-13 19:00:00
472	2022-04-13 19:30:00
473	2022-04-13 20:00:00
474	2022-04-13 20:30:00
475	2022-04-13 21:00:00
476	2022-04-13 21:30:00
477	2022-04-13 22:00:00
478	2022-04-13 22:30:00
479	2022-04-13 23:00:00
480	2022-04-13 23:30:00
481	2022-04-14 00:00:00
482	2022-04-14 00:30:00
483	2022-04-14 01:00:00
484	2022-04-14 01:30:00
485	2022-04-14 02:00:00
486	2022-04-14 02:30:00
487	2022-04-14 03:00:00
488	2022-04-14 03:30:00
489	2022-04-14 04:00:00
490	2022-04-14 04:30:00
491	2022-04-14 05:00:00
492	2022-04-14 05:30:00
493	2022-04-14 06:00:00
494	2022-04-14 06:30:00
495	2022-04-14 07:00:00
496	2022-04-14 07:30:00
497	2022-04-14 08:00:00
498	2022-04-14 08:30:00
499	2022-04-14 09:00:00
500	2022-04-14 09:30:00
501	2022-04-14 10:00:00
502	2022-04-14 10:30:00
503	2022-04-14 11:00:00
504	2022-04-14 11:30:00
505	2022-04-14 12:00:00
506	2022-04-14 12:30:00
507	2022-04-14 13:00:00
508	2022-04-14 13:30:00
509	2022-04-14 14:00:00
510	2022-04-14 14:30:00
511	2022-04-14 15:00:00
512	2022-04-14 15:30:00
513	2022-04-14 16:00:00
514	2022-04-14 16:30:00
515	2022-04-14 17:00:00
516	2022-04-14 17:30:00
517	2022-04-14 18:00:00
518	2022-04-14 18:30:00
519	2022-04-14 19:00:00
520	2022-04-14 19:30:00
521	2022-04-14 20:00:00
522	2022-04-14 20:30:00
523	2022-04-14 21:00:00
524	2022-04-14 21:30:00
525	2022-04-14 22:00:00
526	2022-04-14 22:30:00
527	2022-04-14 23:00:00
528	2022-04-14 23:30:00
529	2022-04-15 00:00:00
530	2022-04-15 00:30:00
531	2022-04-15 01:00:00
532	2022-04-15 01:30:00
533	2022-04-15 02:00:00
534	2022-04-15 02:30:00
535	2022-04-15 03:00:00
536	2022-04-15 03:30:00
537	2022-04-15 04:00:00
538	2022-04-15 04:30:00
539	2022-04-15 05:00:00
540	2022-04-15 05:30:00
541	2022-04-15 06:00:00
542	2022-04-15 06:30:00
543	2022-04-15 07:00:00
544	2022-04-15 07:30:00
545	2022-04-15 08:00:00
546	2022-04-15 08:30:00
547	2022-04-15 09:00:00
548	2022-04-15 09:30:00
549	2022-04-15 10:00:00
550	2022-04-15 10:30:00
551	2022-04-15 11:00:00
552	2022-04-15 11:30:00
553	2022-04-15 12:00:00
554	2022-04-15 12:30:00
555	2022-04-15 13:00:00
556	2022-04-15 13:30:00
557	2022-04-15 14:00:00
558	2022-04-15 14:30:00
559	2022-04-15 15:00:00
560	2022-04-15 15:30:00
561	2022-04-15 16:00:00
562	2022-04-15 16:30:00
563	2022-04-15 17:00:00
564	2022-04-15 17:30:00
565	2022-04-15 18:00:00
566	2022-04-15 18:30:00
567	2022-04-15 19:00:00
568	2022-04-15 19:30:00
569	2022-04-15 20:00:00
570	2022-04-15 20:30:00
571	2022-04-15 21:00:00
572	2022-04-15 21:30:00
573	2022-04-15 22:00:00
574	2022-04-15 22:30:00
575	2022-04-15 23:00:00
576	2022-04-15 23:30:00
577	2022-04-16 00:00:00
578	2022-04-16 00:30:00
579	2022-04-16 01:00:00
580	2022-04-16 01:30:00
581	2022-04-16 02:00:00
582	2022-04-16 02:30:00
583	2022-04-16 03:00:00
584	2022-04-16 03:30:00
585	2022-04-16 04:00:00
586	2022-04-16 04:30:00
587	2022-04-16 05:00:00
588	2022-04-16 05:30:00
589	2022-04-16 06:00:00
590	2022-04-16 06:30:00
591	2022-04-16 07:00:00
592	2022-04-16 07:30:00
593	2022-04-16 08:00:00
594	2022-04-16 08:30:00
595	2022-04-16 09:00:00
596	2022-04-16 09:30:00
597	2022-04-16 10:00:00
598	2022-04-16 10:30:00
599	2022-04-16 11:00:00
600	2022-04-16 11:30:00
601	2022-04-16 12:00:00
602	2022-04-16 12:30:00
603	2022-04-16 13:00:00
604	2022-04-16 13:30:00
605	2022-04-16 14:00:00
606	2022-04-16 14:30:00
607	2022-04-16 15:00:00
608	2022-04-16 15:30:00
609	2022-04-16 16:00:00
610	2022-04-16 16:30:00
611	2022-04-16 17:00:00
612	2022-04-16 17:30:00
613	2022-04-16 18:00:00
614	2022-04-16 18:30:00
615	2022-04-16 19:00:00
616	2022-04-16 19:30:00
617	2022-04-16 20:00:00
618	2022-04-16 20:30:00
619	2022-04-16 21:00:00
620	2022-04-16 21:30:00
621	2022-04-16 22:00:00
622	2022-04-16 22:30:00
623	2022-04-16 23:00:00
624	2022-04-16 23:30:00
625	2022-04-17 00:00:00
626	2022-04-17 00:30:00
627	2022-04-17 01:00:00
628	2022-04-17 01:30:00
629	2022-04-17 02:00:00
630	2022-04-17 02:30:00
631	2022-04-17 03:00:00
632	2022-04-17 03:30:00
633	2022-04-17 04:00:00
634	2022-04-17 04:30:00
635	2022-04-17 05:00:00
636	2022-04-17 05:30:00
637	2022-04-17 06:00:00
638	2022-04-17 06:30:00
639	2022-04-17 07:00:00
640	2022-04-17 07:30:00
641	2022-04-17 08:00:00
642	2022-04-17 08:30:00
643	2022-04-17 09:00:00
644	2022-04-17 09:30:00
645	2022-04-17 10:00:00
646	2022-04-17 10:30:00
647	2022-04-17 11:00:00
648	2022-04-17 11:30:00
649	2022-04-17 12:00:00
650	2022-04-17 12:30:00
651	2022-04-17 13:00:00
652	2022-04-17 13:30:00
653	2022-04-17 14:00:00
654	2022-04-17 14:30:00
655	2022-04-17 15:00:00
656	2022-04-17 15:30:00
657	2022-04-17 16:00:00
658	2022-04-17 16:30:00
659	2022-04-17 17:00:00
660	2022-04-17 17:30:00
661	2022-04-17 18:00:00
662	2022-04-17 18:30:00
663	2022-04-17 19:00:00
664	2022-04-17 19:30:00
665	2022-04-17 20:00:00
666	2022-04-17 20:30:00
667	2022-04-17 21:00:00
668	2022-04-17 21:30:00
669	2022-04-17 22:00:00
670	2022-04-17 22:30:00
671	2022-04-17 23:00:00
672	2022-04-17 23:30:00
673	2022-04-18 00:00:00
674	2022-04-18 00:30:00
675	2022-04-18 01:00:00
676	2022-04-18 01:30:00
677	2022-04-18 02:00:00
678	2022-04-18 02:30:00
679	2022-04-18 03:00:00
680	2022-04-18 03:30:00
681	2022-04-18 04:00:00
682	2022-04-18 04:30:00
683	2022-04-18 05:00:00
684	2022-04-18 05:30:00
685	2022-04-18 06:00:00
686	2022-04-18 06:30:00
687	2022-04-18 07:00:00
688	2022-04-18 07:30:00
689	2022-04-18 08:00:00
690	2022-04-18 08:30:00
691	2022-04-18 09:00:00
692	2022-04-18 09:30:00
693	2022-04-18 10:00:00
694	2022-04-18 10:30:00
695	2022-04-18 11:00:00
696	2022-04-18 11:30:00
697	2022-04-18 12:00:00
698	2022-04-18 12:30:00
699	2022-04-18 13:00:00
700	2022-04-18 13:30:00
701	2022-04-18 14:00:00
702	2022-04-18 14:30:00
703	2022-04-18 15:00:00
704	2022-04-18 15:30:00
705	2022-04-18 16:00:00
706	2022-04-18 16:30:00
707	2022-04-18 17:00:00
708	2022-04-18 17:30:00
709	2022-04-18 18:00:00
710	2022-04-18 18:30:00
711	2022-04-18 19:00:00
712	2022-04-18 19:30:00
713	2022-04-18 20:00:00
714	2022-04-18 20:30:00
715	2022-04-18 21:00:00
716	2022-04-18 21:30:00
717	2022-04-18 22:00:00
718	2022-04-18 22:30:00
719	2022-04-18 23:00:00
720	2022-04-18 23:30:00
721	2022-04-19 00:00:00
722	2022-04-19 00:30:00
723	2022-04-19 01:00:00
724	2022-04-19 01:30:00
725	2022-04-19 02:00:00
726	2022-04-19 02:30:00
727	2022-04-19 03:00:00
728	2022-04-19 03:30:00
729	2022-04-19 04:00:00
730	2022-04-19 04:30:00
731	2022-04-19 05:00:00
732	2022-04-19 05:30:00
733	2022-04-19 06:00:00
734	2022-04-19 06:30:00
735	2022-04-19 07:00:00
736	2022-04-19 07:30:00
737	2022-04-19 08:00:00
738	2022-04-19 08:30:00
739	2022-04-19 09:00:00
740	2022-04-19 09:30:00
741	2022-04-19 10:00:00
742	2022-04-19 10:30:00
743	2022-04-19 11:00:00
744	2022-04-19 11:30:00
745	2022-04-19 12:00:00
746	2022-04-19 12:30:00
747	2022-04-19 13:00:00
748	2022-04-19 13:30:00
749	2022-04-19 14:00:00
750	2022-04-19 14:30:00
751	2022-04-19 15:00:00
752	2022-04-19 15:30:00
753	2022-04-19 16:00:00
754	2022-04-19 16:30:00
755	2022-04-19 17:00:00
756	2022-04-19 17:30:00
757	2022-04-19 18:00:00
758	2022-04-19 18:30:00
759	2022-04-19 19:00:00
760	2022-04-19 19:30:00
761	2022-04-19 20:00:00
762	2022-04-19 20:30:00
763	2022-04-19 21:00:00
764	2022-04-19 21:30:00
765	2022-04-19 22:00:00
766	2022-04-19 22:30:00
767	2022-04-19 23:00:00
768	2022-04-19 23:30:00
769	2022-04-20 00:00:00
770	2022-04-20 00:30:00
771	2022-04-20 01:00:00
772	2022-04-20 01:30:00
773	2022-04-20 02:00:00
774	2022-04-20 02:30:00
775	2022-04-20 03:00:00
776	2022-04-20 03:30:00
777	2022-04-20 04:00:00
778	2022-04-20 04:30:00
779	2022-04-20 05:00:00
780	2022-04-20 05:30:00
781	2022-04-20 06:00:00
782	2022-04-20 06:30:00
783	2022-04-20 07:00:00
784	2022-04-20 07:30:00
785	2022-04-20 08:00:00
786	2022-04-20 08:30:00
787	2022-04-20 09:00:00
788	2022-04-20 09:30:00
789	2022-04-20 10:00:00
790	2022-04-20 10:30:00
791	2022-04-20 11:00:00
792	2022-04-20 11:30:00
793	2022-04-20 12:00:00
794	2022-04-20 12:30:00
795	2022-04-20 13:00:00
796	2022-04-20 13:30:00
797	2022-04-20 14:00:00
798	2022-04-20 14:30:00
799	2022-04-20 15:00:00
800	2022-04-20 15:30:00
801	2022-04-20 16:00:00
802	2022-04-20 16:30:00
803	2022-04-20 17:00:00
804	2022-04-20 17:30:00
805	2022-04-20 18:00:00
806	2022-04-20 18:30:00
807	2022-04-20 19:00:00
808	2022-04-20 19:30:00
809	2022-04-20 20:00:00
810	2022-04-20 20:30:00
811	2022-04-20 21:00:00
812	2022-04-20 21:30:00
813	2022-04-20 22:00:00
814	2022-04-20 22:30:00
815	2022-04-20 23:00:00
816	2022-04-20 23:30:00
817	2022-04-21 00:00:00
818	2022-04-21 00:30:00
819	2022-04-21 01:00:00
820	2022-04-21 01:30:00
821	2022-04-21 02:00:00
822	2022-04-21 02:30:00
823	2022-04-21 03:00:00
824	2022-04-21 03:30:00
825	2022-04-21 04:00:00
826	2022-04-21 04:30:00
827	2022-04-21 05:00:00
828	2022-04-21 05:30:00
829	2022-04-21 06:00:00
830	2022-04-21 06:30:00
831	2022-04-21 07:00:00
832	2022-04-21 07:30:00
833	2022-04-21 08:00:00
834	2022-04-21 08:30:00
835	2022-04-21 09:00:00
836	2022-04-21 09:30:00
837	2022-04-21 10:00:00
838	2022-04-21 10:30:00
839	2022-04-21 11:00:00
840	2022-04-21 11:30:00
841	2022-04-21 12:00:00
842	2022-04-21 12:30:00
843	2022-04-21 13:00:00
844	2022-04-21 13:30:00
845	2022-04-21 14:00:00
846	2022-04-21 14:30:00
847	2022-04-21 15:00:00
848	2022-04-21 15:30:00
849	2022-04-21 16:00:00
850	2022-04-21 16:30:00
851	2022-04-21 17:00:00
852	2022-04-21 17:30:00
853	2022-04-21 18:00:00
854	2022-04-21 18:30:00
855	2022-04-21 19:00:00
856	2022-04-21 19:30:00
857	2022-04-21 20:00:00
858	2022-04-21 20:30:00
859	2022-04-21 21:00:00
860	2022-04-21 21:30:00
861	2022-04-21 22:00:00
862	2022-04-21 22:30:00
863	2022-04-21 23:00:00
864	2022-04-21 23:30:00
865	2022-04-22 00:00:00
866	2022-04-22 00:30:00
867	2022-04-22 01:00:00
868	2022-04-22 01:30:00
869	2022-04-22 02:00:00
870	2022-04-22 02:30:00
871	2022-04-22 03:00:00
872	2022-04-22 03:30:00
873	2022-04-22 04:00:00
874	2022-04-22 04:30:00
875	2022-04-22 05:00:00
876	2022-04-22 05:30:00
877	2022-04-22 06:00:00
878	2022-04-22 06:30:00
879	2022-04-22 07:00:00
880	2022-04-22 07:30:00
881	2022-04-22 08:00:00
882	2022-04-22 08:30:00
883	2022-04-22 09:00:00
884	2022-04-22 09:30:00
885	2022-04-22 10:00:00
886	2022-04-22 10:30:00
887	2022-04-22 11:00:00
888	2022-04-22 11:30:00
889	2022-04-22 12:00:00
890	2022-04-22 12:30:00
891	2022-04-22 13:00:00
892	2022-04-22 13:30:00
893	2022-04-22 14:00:00
894	2022-04-22 14:30:00
895	2022-04-22 15:00:00
896	2022-04-22 15:30:00
897	2022-04-22 16:00:00
898	2022-04-22 16:30:00
899	2022-04-22 17:00:00
900	2022-04-22 17:30:00
901	2022-04-22 18:00:00
902	2022-04-22 18:30:00
903	2022-04-22 19:00:00
904	2022-04-22 19:30:00
905	2022-04-22 20:00:00
906	2022-04-22 20:30:00
907	2022-04-22 21:00:00
908	2022-04-22 21:30:00
909	2022-04-22 22:00:00
910	2022-04-22 22:30:00
911	2022-04-22 23:00:00
912	2022-04-22 23:30:00
913	2022-04-23 00:00:00
914	2022-04-23 00:30:00
915	2022-04-23 01:00:00
916	2022-04-23 01:30:00
917	2022-04-23 02:00:00
918	2022-04-23 02:30:00
919	2022-04-23 03:00:00
920	2022-04-23 03:30:00
921	2022-04-23 04:00:00
922	2022-04-23 04:30:00
923	2022-04-23 05:00:00
924	2022-04-23 05:30:00
925	2022-04-23 06:00:00
926	2022-04-23 06:30:00
927	2022-04-23 07:00:00
928	2022-04-23 07:30:00
929	2022-04-23 08:00:00
930	2022-04-23 08:30:00
931	2022-04-23 09:00:00
932	2022-04-23 09:30:00
933	2022-04-23 10:00:00
934	2022-04-23 10:30:00
935	2022-04-23 11:00:00
936	2022-04-23 11:30:00
937	2022-04-23 12:00:00
938	2022-04-23 12:30:00
939	2022-04-23 13:00:00
940	2022-04-23 13:30:00
941	2022-04-23 14:00:00
942	2022-04-23 14:30:00
943	2022-04-23 15:00:00
944	2022-04-23 15:30:00
945	2022-04-23 16:00:00
946	2022-04-23 16:30:00
947	2022-04-23 17:00:00
948	2022-04-23 17:30:00
949	2022-04-23 18:00:00
950	2022-04-23 18:30:00
951	2022-04-23 19:00:00
952	2022-04-23 19:30:00
953	2022-04-23 20:00:00
954	2022-04-23 20:30:00
955	2022-04-23 21:00:00
956	2022-04-23 21:30:00
957	2022-04-23 22:00:00
958	2022-04-23 22:30:00
959	2022-04-23 23:00:00
960	2022-04-23 23:30:00
961	2022-04-24 00:00:00
962	2022-04-24 00:30:00
963	2022-04-24 01:00:00
964	2022-04-24 01:30:00
965	2022-04-24 02:00:00
966	2022-04-24 02:30:00
967	2022-04-24 03:00:00
968	2022-04-24 03:30:00
969	2022-04-24 04:00:00
970	2022-04-24 04:30:00
971	2022-04-24 05:00:00
972	2022-04-24 05:30:00
973	2022-04-24 06:00:00
974	2022-04-24 06:30:00
975	2022-04-24 07:00:00
976	2022-04-24 07:30:00
977	2022-04-24 08:00:00
978	2022-04-24 08:30:00
979	2022-04-24 09:00:00
980	2022-04-24 09:30:00
981	2022-04-24 10:00:00
982	2022-04-24 10:30:00
983	2022-04-24 11:00:00
984	2022-04-24 11:30:00
985	2022-04-24 12:00:00
986	2022-04-24 12:30:00
987	2022-04-24 13:00:00
988	2022-04-24 13:30:00
989	2022-04-24 14:00:00
990	2022-04-24 14:30:00
991	2022-04-24 15:00:00
992	2022-04-24 15:30:00
993	2022-04-24 16:00:00
994	2022-04-24 16:30:00
995	2022-04-24 17:00:00
996	2022-04-24 17:30:00
997	2022-04-24 18:00:00
998	2022-04-24 18:30:00
999	2022-04-24 19:00:00
1000	2022-04-24 19:30:00
1001	2022-04-24 20:00:00
1002	2022-04-24 20:30:00
1003	2022-04-24 21:00:00
1004	2022-04-24 21:30:00
1005	2022-04-24 22:00:00
1006	2022-04-24 22:30:00
1007	2022-04-24 23:00:00
1008	2022-04-24 23:30:00
1009	2022-04-25 00:00:00
1010	2022-04-25 00:30:00
1011	2022-04-25 01:00:00
1012	2022-04-25 01:30:00
1013	2022-04-25 02:00:00
1014	2022-04-25 02:30:00
1015	2022-04-25 03:00:00
1016	2022-04-25 03:30:00
1017	2022-04-25 04:00:00
1018	2022-04-25 04:30:00
1019	2022-04-25 05:00:00
1020	2022-04-25 05:30:00
1021	2022-04-25 06:00:00
1022	2022-04-25 06:30:00
1023	2022-04-25 07:00:00
1024	2022-04-25 07:30:00
1025	2022-04-25 08:00:00
1026	2022-04-25 08:30:00
1027	2022-04-25 09:00:00
1028	2022-04-25 09:30:00
1029	2022-04-25 10:00:00
1030	2022-04-25 10:30:00
1031	2022-04-25 11:00:00
1032	2022-04-25 11:30:00
1033	2022-04-25 12:00:00
1034	2022-04-25 12:30:00
1035	2022-04-25 13:00:00
1036	2022-04-25 13:30:00
1037	2022-04-25 14:00:00
1038	2022-04-25 14:30:00
1039	2022-04-25 15:00:00
1040	2022-04-25 15:30:00
1041	2022-04-25 16:00:00
1042	2022-04-25 16:30:00
1043	2022-04-25 17:00:00
1044	2022-04-25 17:30:00
1045	2022-04-25 18:00:00
1046	2022-04-25 18:30:00
1047	2022-04-25 19:00:00
1048	2022-04-25 19:30:00
1049	2022-04-25 20:00:00
1050	2022-04-25 20:30:00
1051	2022-04-25 21:00:00
1052	2022-04-25 21:30:00
1053	2022-04-25 22:00:00
1054	2022-04-25 22:30:00
1055	2022-04-25 23:00:00
1056	2022-04-25 23:30:00
1057	2022-04-26 00:00:00
1058	2022-04-26 00:30:00
1059	2022-04-26 01:00:00
1060	2022-04-26 01:30:00
1061	2022-04-26 02:00:00
1062	2022-04-26 02:30:00
1063	2022-04-26 03:00:00
1064	2022-04-26 03:30:00
1065	2022-04-26 04:00:00
1066	2022-04-26 04:30:00
1067	2022-04-26 05:00:00
1068	2022-04-26 05:30:00
1069	2022-04-26 06:00:00
1070	2022-04-26 06:30:00
1071	2022-04-26 07:00:00
1072	2022-04-26 07:30:00
1073	2022-04-26 08:00:00
1074	2022-04-26 08:30:00
1075	2022-04-26 09:00:00
1076	2022-04-26 09:30:00
1077	2022-04-26 10:00:00
1078	2022-04-26 10:30:00
1079	2022-04-26 11:00:00
1080	2022-04-26 11:30:00
1081	2022-04-26 12:00:00
1082	2022-04-26 12:30:00
1083	2022-04-26 13:00:00
1084	2022-04-26 13:30:00
1085	2022-04-26 14:00:00
1086	2022-04-26 14:30:00
1087	2022-04-26 15:00:00
1088	2022-04-26 15:30:00
1089	2022-04-26 16:00:00
1090	2022-04-26 16:30:00
1091	2022-04-26 17:00:00
1092	2022-04-26 17:30:00
1093	2022-04-26 18:00:00
1094	2022-04-26 18:30:00
1095	2022-04-26 19:00:00
1096	2022-04-26 19:30:00
1097	2022-04-26 20:00:00
1098	2022-04-26 20:30:00
1099	2022-04-26 21:00:00
1100	2022-04-26 21:30:00
1101	2022-04-26 22:00:00
1102	2022-04-26 22:30:00
1103	2022-04-26 23:00:00
1104	2022-04-26 23:30:00
1105	2022-04-27 00:00:00
1106	2022-04-27 00:30:00
1107	2022-04-27 01:00:00
1108	2022-04-27 01:30:00
1109	2022-04-27 02:00:00
1110	2022-04-27 02:30:00
1111	2022-04-27 03:00:00
1112	2022-04-27 03:30:00
1113	2022-04-27 04:00:00
1114	2022-04-27 04:30:00
1115	2022-04-27 05:00:00
1116	2022-04-27 05:30:00
1117	2022-04-27 06:00:00
1118	2022-04-27 06:30:00
1119	2022-04-27 07:00:00
1120	2022-04-27 07:30:00
1121	2022-04-27 08:00:00
1122	2022-04-27 08:30:00
1123	2022-04-27 09:00:00
1124	2022-04-27 09:30:00
1125	2022-04-27 10:00:00
1126	2022-04-27 10:30:00
1127	2022-04-27 11:00:00
1128	2022-04-27 11:30:00
1129	2022-04-27 12:00:00
1130	2022-04-27 12:30:00
1131	2022-04-27 13:00:00
1132	2022-04-27 13:30:00
1133	2022-04-27 14:00:00
1134	2022-04-27 14:30:00
1135	2022-04-27 15:00:00
1136	2022-04-27 15:30:00
1137	2022-04-27 16:00:00
1138	2022-04-27 16:30:00
1139	2022-04-27 17:00:00
1140	2022-04-27 17:30:00
1141	2022-04-27 18:00:00
1142	2022-04-27 18:30:00
1143	2022-04-27 19:00:00
1144	2022-04-27 19:30:00
1145	2022-04-27 20:00:00
1146	2022-04-27 20:30:00
1147	2022-04-27 21:00:00
1148	2022-04-27 21:30:00
1149	2022-04-27 22:00:00
1150	2022-04-27 22:30:00
1151	2022-04-27 23:00:00
1152	2022-04-27 23:30:00
1153	2022-04-28 00:00:00
1154	2022-04-28 00:30:00
1155	2022-04-28 01:00:00
1156	2022-04-28 01:30:00
1157	2022-04-28 02:00:00
1158	2022-04-28 02:30:00
1159	2022-04-28 03:00:00
1160	2022-04-28 03:30:00
1161	2022-04-28 04:00:00
1162	2022-04-28 04:30:00
1163	2022-04-28 05:00:00
1164	2022-04-28 05:30:00
1165	2022-04-28 06:00:00
1166	2022-04-28 06:30:00
1167	2022-04-28 07:00:00
1168	2022-04-28 07:30:00
1169	2022-04-28 08:00:00
1170	2022-04-28 08:30:00
1171	2022-04-28 09:00:00
1172	2022-04-28 09:30:00
1173	2022-04-28 10:00:00
1174	2022-04-28 10:30:00
1175	2022-04-28 11:00:00
1176	2022-04-28 11:30:00
1177	2022-04-28 12:00:00
1178	2022-04-28 12:30:00
1179	2022-04-28 13:00:00
1180	2022-04-28 13:30:00
1181	2022-04-28 14:00:00
1182	2022-04-28 14:30:00
1183	2022-04-28 15:00:00
1184	2022-04-28 15:30:00
1185	2022-04-28 16:00:00
1186	2022-04-28 16:30:00
1187	2022-04-28 17:00:00
1188	2022-04-28 17:30:00
1189	2022-04-28 18:00:00
1190	2022-04-28 18:30:00
1191	2022-04-28 19:00:00
1192	2022-04-28 19:30:00
1193	2022-04-28 20:00:00
1194	2022-04-28 20:30:00
1195	2022-04-28 21:00:00
1196	2022-04-28 21:30:00
1197	2022-04-28 22:00:00
1198	2022-04-28 22:30:00
1199	2022-04-28 23:00:00
1200	2022-04-28 23:30:00
1201	2022-04-29 00:00:00
1202	2022-04-29 00:30:00
1203	2022-04-29 01:00:00
1204	2022-04-29 01:30:00
1205	2022-04-29 02:00:00
1206	2022-04-29 02:30:00
1207	2022-04-29 03:00:00
1208	2022-04-29 03:30:00
1209	2022-04-29 04:00:00
1210	2022-04-29 04:30:00
1211	2022-04-29 05:00:00
1212	2022-04-29 05:30:00
1213	2022-04-29 06:00:00
1214	2022-04-29 06:30:00
1215	2022-04-29 07:00:00
1216	2022-04-29 07:30:00
1217	2022-04-29 08:00:00
1218	2022-04-29 08:30:00
1219	2022-04-29 09:00:00
1220	2022-04-29 09:30:00
1221	2022-04-29 10:00:00
1222	2022-04-29 10:30:00
1223	2022-04-29 11:00:00
1224	2022-04-29 11:30:00
1225	2022-04-29 12:00:00
1226	2022-04-29 12:30:00
1227	2022-04-29 13:00:00
1228	2022-04-29 13:30:00
1229	2022-04-29 14:00:00
1230	2022-04-29 14:30:00
1231	2022-04-29 15:00:00
1232	2022-04-29 15:30:00
1233	2022-04-29 16:00:00
1234	2022-04-29 16:30:00
1235	2022-04-29 17:00:00
1236	2022-04-29 17:30:00
1237	2022-04-29 18:00:00
1238	2022-04-29 18:30:00
1239	2022-04-29 19:00:00
1240	2022-04-29 19:30:00
1241	2022-04-29 20:00:00
1242	2022-04-29 20:30:00
1243	2022-04-29 21:00:00
1244	2022-04-29 21:30:00
1245	2022-04-29 22:00:00
1246	2022-04-29 22:30:00
1247	2022-04-29 23:00:00
1248	2022-04-29 23:30:00
1249	2022-04-30 00:00:00
1250	2022-04-30 00:30:00
1251	2022-04-30 01:00:00
1252	2022-04-30 01:30:00
1253	2022-04-30 02:00:00
1254	2022-04-30 02:30:00
1255	2022-04-30 03:00:00
1256	2022-04-30 03:30:00
1257	2022-04-30 04:00:00
1258	2022-04-30 04:30:00
1259	2022-04-30 05:00:00
1260	2022-04-30 05:30:00
1261	2022-04-30 06:00:00
1262	2022-04-30 06:30:00
1263	2022-04-30 07:00:00
1264	2022-04-30 07:30:00
1265	2022-04-30 08:00:00
1266	2022-04-30 08:30:00
1267	2022-04-30 09:00:00
1268	2022-04-30 09:30:00
1269	2022-04-30 10:00:00
1270	2022-04-30 10:30:00
1271	2022-04-30 11:00:00
1272	2022-04-30 11:30:00
1273	2022-04-30 12:00:00
1274	2022-04-30 12:30:00
1275	2022-04-30 13:00:00
1276	2022-04-30 13:30:00
1277	2022-04-30 14:00:00
1278	2022-04-30 14:30:00
1279	2022-04-30 15:00:00
1280	2022-04-30 15:30:00
1281	2022-04-30 16:00:00
1282	2022-04-30 16:30:00
1283	2022-04-30 17:00:00
1284	2022-04-30 17:30:00
1285	2022-04-30 18:00:00
1286	2022-04-30 18:30:00
1287	2022-04-30 19:00:00
1288	2022-04-30 19:30:00
1289	2022-04-30 20:00:00
1290	2022-04-30 20:30:00
1291	2022-04-30 21:00:00
1292	2022-04-30 21:30:00
1293	2022-04-30 22:00:00
1294	2022-04-30 22:30:00
1295	2022-04-30 23:00:00
1296	2022-04-30 23:30:00
1297	2022-05-01 00:00:00
1298	2022-05-01 00:30:00
1299	2022-05-01 01:00:00
1300	2022-05-01 01:30:00
1301	2022-05-01 02:00:00
1302	2022-05-01 02:30:00
1303	2022-05-01 03:00:00
1304	2022-05-01 03:30:00
1305	2022-05-01 04:00:00
1306	2022-05-01 04:30:00
1307	2022-05-01 05:00:00
1308	2022-05-01 05:30:00
1309	2022-05-01 06:00:00
1310	2022-05-01 06:30:00
1311	2022-05-01 07:00:00
1312	2022-05-01 07:30:00
1313	2022-05-01 08:00:00
1314	2022-05-01 08:30:00
1315	2022-05-01 09:00:00
1316	2022-05-01 09:30:00
1317	2022-05-01 10:00:00
1318	2022-05-01 10:30:00
1319	2022-05-01 11:00:00
1320	2022-05-01 11:30:00
1321	2022-05-01 12:00:00
1322	2022-05-01 12:30:00
1323	2022-05-01 13:00:00
1324	2022-05-01 13:30:00
1325	2022-05-01 14:00:00
1326	2022-05-01 14:30:00
1327	2022-05-01 15:00:00
1328	2022-05-01 15:30:00
1329	2022-05-01 16:00:00
1330	2022-05-01 16:30:00
1331	2022-05-01 17:00:00
1332	2022-05-01 17:30:00
1333	2022-05-01 18:00:00
1334	2022-05-01 18:30:00
1335	2022-05-01 19:00:00
1336	2022-05-01 19:30:00
1337	2022-05-01 20:00:00
1338	2022-05-01 20:30:00
1339	2022-05-01 21:00:00
1340	2022-05-01 21:30:00
1341	2022-05-01 22:00:00
1342	2022-05-01 22:30:00
1343	2022-05-01 23:00:00
1344	2022-05-01 23:30:00
1345	2022-05-02 00:00:00
1346	2022-05-02 00:30:00
1347	2022-05-02 01:00:00
1348	2022-05-02 01:30:00
1349	2022-05-02 02:00:00
1350	2022-05-02 02:30:00
1351	2022-05-02 03:00:00
1352	2022-05-02 03:30:00
1353	2022-05-02 04:00:00
1354	2022-05-02 04:30:00
1355	2022-05-02 05:00:00
1356	2022-05-02 05:30:00
1357	2022-05-02 06:00:00
1358	2022-05-02 06:30:00
1359	2022-05-02 07:00:00
1360	2022-05-02 07:30:00
1361	2022-05-02 08:00:00
1362	2022-05-02 08:30:00
1363	2022-05-02 09:00:00
1364	2022-05-02 09:30:00
1365	2022-05-02 10:00:00
1366	2022-05-02 10:30:00
1367	2022-05-02 11:00:00
1368	2022-05-02 11:30:00
1369	2022-05-02 12:00:00
1370	2022-05-02 12:30:00
1371	2022-05-02 13:00:00
1372	2022-05-02 13:30:00
1373	2022-05-02 14:00:00
1374	2022-05-02 14:30:00
1375	2022-05-02 15:00:00
1376	2022-05-02 15:30:00
1377	2022-05-02 16:00:00
1378	2022-05-02 16:30:00
1379	2022-05-02 17:00:00
1380	2022-05-02 17:30:00
1381	2022-05-02 18:00:00
1382	2022-05-02 18:30:00
1383	2022-05-02 19:00:00
1384	2022-05-02 19:30:00
1385	2022-05-02 20:00:00
1386	2022-05-02 20:30:00
1387	2022-05-02 21:00:00
1388	2022-05-02 21:30:00
1389	2022-05-02 22:00:00
1390	2022-05-02 22:30:00
1391	2022-05-02 23:00:00
1392	2022-05-02 23:30:00
1393	2022-05-03 00:00:00
1394	2022-05-03 00:30:00
1395	2022-05-03 01:00:00
1396	2022-05-03 01:30:00
1397	2022-05-03 02:00:00
1398	2022-05-03 02:30:00
1399	2022-05-03 03:00:00
1400	2022-05-03 03:30:00
1401	2022-05-03 04:00:00
1402	2022-05-03 04:30:00
1403	2022-05-03 05:00:00
1404	2022-05-03 05:30:00
1405	2022-05-03 06:00:00
1406	2022-05-03 06:30:00
1407	2022-05-03 07:00:00
1408	2022-05-03 07:30:00
1409	2022-05-03 08:00:00
1410	2022-05-03 08:30:00
1411	2022-05-03 09:00:00
1412	2022-05-03 09:30:00
1413	2022-05-03 10:00:00
1414	2022-05-03 10:30:00
1415	2022-05-03 11:00:00
1416	2022-05-03 11:30:00
1417	2022-05-03 12:00:00
1418	2022-05-03 12:30:00
1419	2022-05-03 13:00:00
1420	2022-05-03 13:30:00
1421	2022-05-03 14:00:00
1422	2022-05-03 14:30:00
1423	2022-05-03 15:00:00
1424	2022-05-03 15:30:00
1425	2022-05-03 16:00:00
1426	2022-05-03 16:30:00
1427	2022-05-03 17:00:00
1428	2022-05-03 17:30:00
1429	2022-05-03 18:00:00
1430	2022-05-03 18:30:00
1431	2022-05-03 19:00:00
1432	2022-05-03 19:30:00
1433	2022-05-03 20:00:00
1434	2022-05-03 20:30:00
1435	2022-05-03 21:00:00
1436	2022-05-03 21:30:00
1437	2022-05-03 22:00:00
1438	2022-05-03 22:30:00
1439	2022-05-03 23:00:00
1440	2022-05-03 23:30:00
1441	2022-05-04 00:00:00
\.


--
-- Data for Name: reservations; Type: TABLE DATA; Schema: public; Owner: -
--

COPY public.reservations (reservation_id, user_id, appointment_id) FROM stdin;
1	1	237
2	1	796
3	1	534
4	1	875
5	1	70
6	1	829
7	1	681
8	1	448
9	1	190
10	2	338
11	2	1127
12	2	650
13	2	52
14	2	614
15	2	1199
16	2	100
17	2	482
18	3	507
19	3	1097
20	3	1400
21	3	903
22	3	222
23	3	790
24	3	695
42	6	1024
43	6	676
44	6	1065
45	6	1284
46	6	727
47	6	961
48	6	511
49	6	298
51	7	1253
52	7	75
55	7	219
56	7	904
57	7	631
58	8	1089
59	8	576
60	8	1414
61	8	1140
62	8	789
63	8	973
64	8	960
65	8	475
66	8	891
73	10	1166
74	10	1397
75	10	29
76	10	753
77	10	1314
78	10	583
79	10	1271
80	10	459
81	10	1359
82	11	419
83	11	1322
84	11	967
85	11	474
86	11	485
87	11	1009
88	11	630
89	11	560
90	12	1415
91	12	1379
92	12	1093
93	12	901
94	12	1109
95	12	1192
96	12	80
97	13	32
98	13	979
99	13	123
100	13	609
101	13	1304
102	13	184
103	13	1134
104	13	1220
105	13	1061
106	14	526
107	14	145
108	14	543
109	14	461
110	14	1336
111	14	101
112	14	1074
113	14	264
114	15	193
115	15	565
116	15	706
117	15	1246
118	15	1151
119	15	588
120	15	136
121	15	743
122	15	170
123	15	1092
124	16	575
125	16	1295
126	16	742
127	16	1423
128	16	72
129	16	373
130	16	471
131	17	505
132	17	859
133	17	167
134	17	715
135	17	200
136	17	274
137	17	326
138	17	1031
139	18	1152
140	18	740
141	18	275
142	18	1374
143	18	697
144	18	16
145	18	1439
146	18	591
147	19	392
148	19	538
149	19	1044
150	19	951
151	19	353
152	19	806
153	19	235
154	19	986
155	19	745
156	20	1252
157	20	229
158	20	958
159	20	22
160	20	323
161	20	135
162	20	823
163	20	1022
164	20	1407
165	21	343
166	21	1072
167	21	36
168	21	1255
169	21	1378
170	21	502
171	21	133
172	22	673
173	22	1214
174	22	195
175	22	1090
176	22	325
177	22	517
178	22	41
179	22	430
180	23	640
181	23	546
182	23	1062
183	23	982
184	23	1154
185	23	1113
186	23	43
187	23	520
188	24	364
189	24	1435
190	24	1335
191	24	270
192	24	1189
193	24	26
194	25	462
195	25	759
196	25	335
197	25	547
198	25	1181
199	25	394
200	25	708
201	25	1373
202	26	28
203	26	512
204	26	940
205	26	1144
206	26	1041
207	26	1432
208	27	417
209	27	217
210	27	562
211	27	580
212	27	991
213	27	871
214	27	1177
215	27	679
216	27	1348
217	28	571
218	28	869
219	28	682
220	28	1087
221	28	213
222	28	117
223	28	794
224	28	1231
225	29	1362
226	29	840
227	29	525
228	29	992
229	29	895
230	29	301
231	29	1129
232	30	242
233	30	119
234	30	340
235	30	500
236	30	1418
237	30	177
238	30	1276
239	31	1007
240	31	12
241	31	1352
242	31	295
243	31	826
244	32	388
245	32	811
246	32	442
247	32	939
248	32	761
249	32	993
250	32	1434
251	32	1063
252	33	688
253	33	1224
254	33	1038
255	33	922
256	33	784
257	33	1106
258	33	1104
259	33	477
260	34	1011
261	34	1217
262	34	278
263	34	1371
264	34	98
265	34	656
266	34	690
267	34	602
268	35	287
269	35	409
270	35	910
271	35	202
272	35	439
273	36	1182
274	36	567
275	36	1309
276	36	162
277	36	968
278	36	1294
279	36	205
280	37	1315
281	37	1424
282	37	259
283	37	1045
284	37	981
285	38	336
286	38	434
287	38	1238
288	38	846
289	38	38
290	38	867
291	38	57
292	38	504
293	39	932
294	39	186
295	39	311
296	39	570
297	39	1360
298	40	936
299	40	1388
300	40	367
301	40	694
302	40	198
303	40	71
304	40	542
305	40	1245
306	41	261
307	41	582
308	41	1204
309	41	1368
310	41	377
311	41	389
312	41	488
313	42	1083
314	42	1209
315	42	187
316	42	1393
317	42	844
318	42	1298
319	42	362
320	42	887
321	42	291
322	43	197
323	43	189
324	43	1139
325	43	616
326	43	645
327	43	705
328	43	521
329	43	900
330	44	1121
331	44	183
332	44	513
333	44	309
334	44	385
335	44	140
336	44	709
337	45	1266
338	45	342
339	45	966
340	45	85
341	46	412
342	46	527
343	46	1370
344	46	1324
345	46	305
346	46	587
347	46	1035
348	46	227
349	46	913
350	46	470
351	47	108
352	47	421
353	47	171
354	47	907
355	47	467
356	47	226
357	47	579
358	48	666
359	48	1230
360	48	935
361	48	1025
362	48	1293
363	48	19
364	49	642
365	49	541
366	49	1384
367	49	683
368	49	166
369	49	947
370	50	1251
371	50	1211
372	50	716
373	50	292
374	50	144
375	50	273
376	50	440
377	50	596
378	50	554
388	5	53
390	5	157
391	5	724
392	5	7
393	5	106
394	5	772
397	7	773
398	7	4
399	7	729
400	7	391
404	9	1353
405	9	5
406	9	774
\.


--
-- Data for Name: users; Type: TABLE DATA; Schema: public; Owner: -
--

COPY public.users (user_id, login_name, hashed_password) FROM stdin;
1	Melon Taster 1	$2b$12$sqyRrXGN.n7AullODUfGHe7cNI/xpzKllNuAu1uV6CzCHfct0.XrS
2	Melon Taster 2	$2b$12$IqOwvy/CETBhr9h.KShPROOfzzk2ptvctIWVJQVWi9n1T9Jh8GqH2
3	Melon Taster 3	$2b$12$wR.LDgSsL8yF7QsRVHBc4.LYaPaI1yoF.9IGUcj0m3raAxWRw8aCm
4	Melon Taster 4	$2b$12$1NzKZ.a0/C1Uk8LQjoFq3.DFCnelV2ILfjwVGm19nkiOOf.Sszc96
5	Melon Taster 5	$2b$12$VGYgO8OKkHGfv1gmVv9/S.j4FZC7F/e287osCmiwO/AOWbVnwTNz.
6	Melon Taster 6	$2b$12$nbW87HkSMPM0kmxOy9atAOOuNuVSs0Z5nTA9I4bVjmGckY1KF3VEq
7	Melon Taster 7	$2b$12$EQx6QuRQDo0Pk.9pEMCQF.Hccn6djG3X8j3o5WjKFzLmDwtg0gkuu
8	Melon Taster 8	$2b$12$BH30wOJf9/aObwnsYWeg3uy/VyK48MLmcX4aO9SxXuY1IS/cIP7jW
9	Melon Taster 9	$2b$12$/1dtMTuuHJOgbCOSuCnt/OQWCfbS93s7PpCfDkfhpogI6dxWKaz/6
10	Melon Taster 10	$2b$12$JpJvtOjXVDKO6FEvn.XKT.3dw8fGnz8PBbA8tPJk74rjwTmzuQiTi
11	Melon Taster 11	$2b$12$kU2MWTUx4T4lg8iywQIr4urg75miMKhLh9ssq5MsmNW9xLnnhwN3W
12	Melon Taster 12	$2b$12$LL3q4/5hjikw.Js1Z64VlOUA1jRo2gX27M9FFWUeLRCEeZ/AdWDUS
13	Melon Taster 13	$2b$12$i3c3bfnWfYI6TDG7wvfOEO6vgSKMkG3JMiy.ZbrvVZCCz8lG28F3K
14	Melon Taster 14	$2b$12$NrIcqsE0PTloO1rfvpEchu.W8oF6yqk7.oI7k2W.Fw86VQDXF6m9i
15	Melon Taster 15	$2b$12$.OGJhB1WodUx7mfE//ZkGO.N9uMLoUD2La5VCtHcFGHcCCmIe1nn2
16	Melon Taster 16	$2b$12$FtD0wBaO7cykU4REaS/vceQLDki0DDxhybSFoPixB0ce0KcUJxIrG
17	Melon Taster 17	$2b$12$GXEwB7.5onDvLd5gZA8ia.J3w9EkIUila76vyeclMWJ9nBvBWDckG
18	Melon Taster 18	$2b$12$5K6/P9wxNmfH0AmS8WxQLu26ha/vb.1.LVokMKKUbNzyNYTlaSiRS
19	Melon Taster 19	$2b$12$CiHyXwq8iz3lK2L2IOBIAey41dJSBvhB7p2TVSJaohbweh74.kfO6
20	Melon Taster 20	$2b$12$8aKBGT0n34GY5L0wrzPXV.jmUd5SZDU.8XV4e9.3mhF711cfLZLMG
21	Melon Taster 21	$2b$12$RhYFC2wC2HWZKOaSY.nine597hIiicGLsV8grPlnr2g19NFF1dLRS
22	Melon Taster 22	$2b$12$jEUV7MesOxgNgC6heV4kuuOG/vxFyl3gOJmlYbIObGMW0QJcmLQwC
23	Melon Taster 23	$2b$12$n3koej75NtSv41WKYqhutu6OXYoY/kqvlHTVvy.G4.CkrntkdDjI6
24	Melon Taster 24	$2b$12$PQKOOd6jP2/Fwmc/LK0c0uMN6EWNOFKDwTQl4N61A3ErzlmWrYXHS
25	Melon Taster 25	$2b$12$63WDQbr.jktfLnnhaDyateexzpLD9mElDXibvUVB.9ayzkQ/t90Bq
26	Melon Taster 26	$2b$12$sSBP.FjOpqQKaRnruDJ/.ebCq/yoVVrGyC4u6OhOUxtNBpX7aFXd.
27	Melon Taster 27	$2b$12$YLlx89bjgMtoAaMOtvgDZesFhVrL1p0umNMBj.R4NIeFzg7jpweCa
28	Melon Taster 28	$2b$12$S.vjYmvLMqta71bSvbruUePmR7dR7/dwjJfIe8Lq2BLSqY6CDJJHC
29	Melon Taster 29	$2b$12$6bmk0jixR94moQHTTARxtOhyyhHgAbUb0cy82UMdGxIWuRCP438/O
30	Melon Taster 30	$2b$12$r5.0pDp2CcZkoV7r7MULOemPGr.PzayMFfCzs3yTqOLpqj4rzh0QO
31	Melon Taster 31	$2b$12$CGNEIomjcDTuQ.qml/XwNOaUZK.G4eRijIn7wQ/bTRjQMD6aZhSn.
32	Melon Taster 32	$2b$12$blx9q3nR62FY1egQJAHKNu2hfv0iig0jSVMUo8kgQqmNIBuXh7VFO
33	Melon Taster 33	$2b$12$u1WsZbAt.N5P2c2g701zv.wr8BLPYw3huWV1febmHEF.1BtJ1fAIm
34	Melon Taster 34	$2b$12$PmJ4e9PhovwTB.r8PNvqKuQTPe9KWvzsWM8YLgXuxzGjWy2iSfF0W
35	Melon Taster 35	$2b$12$txUUL5JpkRAJEn2THLbZ/e7X6FSG5M64qBWhQnsrAaib51GG0AbL6
36	Melon Taster 36	$2b$12$2KbwVZ58z3kLHwaRhLBWw.K502xLkFCCgm3yyY/2T8gUgq5AuMWKu
37	Melon Taster 37	$2b$12$Y9PSehFjKtoFEYhJyfQjk.uaB8LJrjP811NEml1WRbUVTxfM73lai
38	Melon Taster 38	$2b$12$Lae5gT0hV4szJMoynMhtIelgdy7s3uj82V6IbQ2OBYFNbD/bcFK5S
39	Melon Taster 39	$2b$12$2ttYwi1bVPWTm0rlRPeL4udpf0/Inyx53167s.crTX9tHA/1xW/k6
40	Melon Taster 40	$2b$12$B8KQtV4R1uXikte7fmuWXOwLiA977NSdUWaklCnKyNCopu1TH0lw.
41	Melon Taster 41	$2b$12$csaNkPIWV1qTydbm7KEwv.Tqi0Bs5AgHuA8MRnL7K.BuzUOidTaai
42	Melon Taster 42	$2b$12$nojVTeXWHSDBw.Nn24mcFeKMFHPgm1iaZZQwvdUCU1U2un3eS6oTm
43	Melon Taster 43	$2b$12$Fb5WyzS5q9ZGp9QD/5LuAeCSdTr2bYSHVATqfzxwSPe5n4R/usera
44	Melon Taster 44	$2b$12$Umgzzt0l9maR2EYD.UT56.rfDZWbcJsvApmYQmDTybR7m7yhpF/pW
45	Melon Taster 45	$2b$12$5/6Xop/6nMDqkLMIe5KRZudEgk.dR0JQWhJJkPwoj12F39lTxVt4q
46	Melon Taster 46	$2b$12$3diCPCk7PJmkOsA7Qx/to./zCcvbDQ6l.MMBpKzF6ayE49Fogbf3K
47	Melon Taster 47	$2b$12$NhSCfJLY9db9wQOXa2gB1uhfvu4TtySXbwwafv.VA.YnTVbbUkNrK
48	Melon Taster 48	$2b$12$6mmhC6rUe0OxYkLtXxr4e.okI6fW8X2l7tDxZhwjNRoePUXHDvWW2
49	Melon Taster 49	$2b$12$yjlPJ2ORDeA6ZEQMQsvtEOihC6uqW1LHblV1vXFhLp2IAsKvcHerW
50	Melon Taster 50	$2b$12$pQzXC845nd42EesZ5LOiIeJjUbcEh5ycb091CUWVutzKqzPR/Awm.
\.


--
-- Name: appointments_appointment_id_seq; Type: SEQUENCE SET; Schema: public; Owner: -
--

SELECT pg_catalog.setval('public.appointments_appointment_id_seq', 1441, true);


--
-- Name: reservations_reservation_id_seq; Type: SEQUENCE SET; Schema: public; Owner: -
--

SELECT pg_catalog.setval('public.reservations_reservation_id_seq', 406, true);


--
-- Name: users_user_id_seq; Type: SEQUENCE SET; Schema: public; Owner: -
--

SELECT pg_catalog.setval('public.users_user_id_seq', 50, true);


--
-- Name: appointments appointments_pkey; Type: CONSTRAINT; Schema: public; Owner: -
--

ALTER TABLE ONLY public.appointments
    ADD CONSTRAINT appointments_pkey PRIMARY KEY (appointment_id);


--
-- Name: reservations reservations_pkey; Type: CONSTRAINT; Schema: public; Owner: -
--

ALTER TABLE ONLY public.reservations
    ADD CONSTRAINT reservations_pkey PRIMARY KEY (reservation_id);


--
-- Name: users users_login_name_key; Type: CONSTRAINT; Schema: public; Owner: -
--

ALTER TABLE ONLY public.users
    ADD CONSTRAINT users_login_name_key UNIQUE (login_name);


--
-- Name: users users_pkey; Type: CONSTRAINT; Schema: public; Owner: -
--

ALTER TABLE ONLY public.users
    ADD CONSTRAINT users_pkey PRIMARY KEY (user_id);


--
-- Name: reservations reservations_appointment_id_fkey; Type: FK CONSTRAINT; Schema: public; Owner: -
--

ALTER TABLE ONLY public.reservations
    ADD CONSTRAINT reservations_appointment_id_fkey FOREIGN KEY (appointment_id) REFERENCES public.appointments(appointment_id);


--
-- Name: reservations reservations_user_id_fkey; Type: FK CONSTRAINT; Schema: public; Owner: -
--

ALTER TABLE ONLY public.reservations
    ADD CONSTRAINT reservations_user_id_fkey FOREIGN KEY (user_id) REFERENCES public.users(user_id);


--
-- PostgreSQL database dump complete
--

